workspace/custom_skills/wave/episode_0.h5	335500576	1fab05b25ef0d178e5730f8fd9dbfcf022d0a4478c1ac1cd1abfcb197deb89d8
workspace/custom_skills/yr/1/data/data/checkpoints/default-3/d5005351-2815-4dfc-9561-99f4e4c4d3b3/act_policy_final.onnx	201739914	a9443c8b79ea81eb0cde4a0609ee22aab4190338f3b0e4b20f48ff2ca897d00c
workspace/custom_skills/yr/1/data/data/checkpoints/default-3/d5005351-2815-4dfc-9561-99f4e4c4d3b3/act_policy_step_1080.pth	271136884	de28acb936092c3d4de55949d25b2133f8bd2988c18a86b6923ca24fbd7954a9
workspace/custom_skills/yr/1/data/data/checkpoints/default-3/d5005351-2815-4dfc-9561-99f4e4c4d3b3/act_policy_step_1200.pth	271136884	30107f5c39d6a571f67bbaf2c9b5e3178048b92396dd63dc6edf7963ad34dfa9
workspace/custom_skills/yr/1/data/data/checkpoints/default-3/d5005351-2815-4dfc-9561-99f4e4c4d3b3/act_policy_step_1200.pth.fp32.trt10.3.0.a10.c30.s294eac76.bs1.engine	202995236	884c2f76acd931962115a6a8459a32333ff882169235cac0af1f27508e6062bb
workspace/custom_skills/yr/1/data/data/checkpoints/default-3/d5005351-2815-4dfc-9561-99f4e4c4d3b3/act_policy_step_120.pth	271136582	c52d6da0619c2c99085cb08517a42a34d6e5db1ef9447fa9918533ff5e0ee5d5
workspace/custom_skills/yr/1/data/data/checkpoints/default-3/d5005351-2815-4dfc-9561-99f4e4c4d3b3/act_policy_step_240.pth	271136582	b712919ffc5513f020ee772ed4dc7ce889730e106d9e002553cf58cdfd266a04
workspace/custom_skills/yr/1/data/data/checkpoints/default-3/d5005351-2815-4dfc-9561-99f4e4c4d3b3/act_policy_step_360.pth	271136582	dee681627fb722fccd766bc197495d1d8894384d405d9d8b03b8c099c1302448
workspace/custom_skills/yr/1/data/data/checkpoints/default-3/d5005351-2815-4dfc-9561-99f4e4c4d3b3/act_policy_step_480.pth	271136582	972a06f09575ef6930992031d72544ec20f79a36ff9d2c5c8e709b612998b94d
workspace/custom_skills/yr/1/data/data/checkpoints/default-3/d5005351-2815-4dfc-9561-99f4e4c4d3b3/act_policy_step_600.pth	271136582	73c528d814d78d1aba1e65e7e9daf67c8fd926d23fee30405e6edcd4caf32e86
workspace/custom_skills/yr/1/data/data/checkpoints/default-3/d5005351-2815-4dfc-9561-99f4e4c4d3b3/act_policy_step_720.pth	271136582	438a033414d7c354f6de4a0adfbefbbb78ca477cf82fe3f7d65925ac6d8d28f7
workspace/custom_skills/yr/1/data/data/checkpoints/default-3/d5005351-2815-4dfc-9561-99f4e4c4d3b3/act_policy_step_840.pth	271136582	64055e09d95ecec85ef6708e9882f186b66cef3f4c4e5c7ff4de6e8766c2eba9
workspace/custom_skills/yr/1/data/data/checkpoints/default-3/d5005351-2815-4dfc-9561-99f4e4c4d3b3/act_policy_step_960.pth	271136582	c5afda89b34f6c95028e001b930dc3435e9fa60b58b65939eacedf6c9f0c4089
workspace/custom_skills/yr/raw_data/episode_0.h5	189920432	a22605dcb1c28981394fcd458bfa23296c4f42fe1883775e9dce610f94ed41f6
workspace/custom_skills/yr/raw_data/episode_1.h5	180704432	e4f4d902a075e4302d35d3b5c5d2b05e76151b52ce137fc56ba103d2f42ef7b3
workspace/custom_skills/yr/raw_data/episode_3.h5	186234032	206896d329fe3829f5de3fdb39dc92f33ed441299cf90991ff144a9340c1e125
